"","date","03010102","03010103","03010104","03010106","03010107","03010203","03010204","03010205","03020101","03020102","03020103","03020104","03020105","03020201","03020202","03020203","03020204","03030002","03030003","03030004","03030005","03030006","03030007","03040101","03040102","03040103","03040104","03040105","03040201","03040202","03040203","03040204","03040206","03050101","03050102","03050103","03050105","03050109","03060101","03060102","05050001","06010103","06010105","06010106","06010108","06010202","06010203","06010204","06020002","06020003"
"1",1906-03-17,608.4,559.4,530,626.2,626.2,626.2,626.2,626.2,530,530,530,530,530,530,530,530,530,530,530,530,530,530,530,1036.4,1090.7,530,530,1090.7,530,530,530,530,530,1090.7,1090.7,1069.7,840.6,725.8,722.1,722.6,872.4,1118.9,1158.4,737.9,737,779.7,1134.9,779.2,1068.6,1393.4
"2",1906-03-18,613.4,403.5,340.2,514.7,514.7,514.7,514.7,514.7,340.2,340.2,340.2,340.2,340.2,340.2,340.2,340.2,340.2,340.2,340.2,340.2,340.2,340.2,340.2,617.6,491.3,340.2,340.2,491.3,340.2,340.2,340.2,340.2,340.2,678.9,670.9,670.9,670.9,616.5,614.8,615.5,617.6,651.8,847.8,652.3,651.8,684.3,910.1,684,807.5,1247.5
"3",1906-03-19,592.8,480.2,447.4,540,540,540,540,540,447.4,447.4,447.4,447.4,447.4,447.4,447.4,447.4,447.4,447.4,447.4,447.4,447.4,447.4,447.4,526.2,490.3,447.4,447.4,490.3,447.4,447.4,447.4,447.4,447.4,799.1,849.1,849.1,849.1,682.7,677.3,677.7,487.6,487.5,915.7,592.3,591.5,703.2,980.3,702.5,888.2,714.7
"4",1906-03-20,289.7,292.5,293,290.9,290.9,290.9,290.9,290.9,293,293,293,293,293,293,293,293,293,293,293,293,293,293,293,561.4,439.2,293,293,439.2,293,293,293,293,293,348.5,361.4,361.4,361.4,276.2,273.5,273.9,276.5,347,351.6,364.9,325.8,353.6,495.9,353.5,411.6,350.7
"5",1906-03-21,361.5,383.6,455.9,375.6,375.6,375.6,375.6,375.6,511.7,511.7,511.7,511.7,511.7,511.7,511.7,511.7,511.7,511.7,511.7,511.7,511.7,511.7,511.7,565.4,541,511.7,511.7,541,511.7,511.7,511.7,511.7,511.7,466.5,426.7,426.7,426.7,340.4,337.6,634.8,422.4,535.5,566.9,488.6,474.7,506.2,665.1,500.5,567.5,514.4
"6",1906-03-22,401.7,463.9,458.1,450.3,450.3,450.3,450.3,450.3,458.1,458.1,458.1,458.1,458.1,458.1,458.1,458.1,458.1,458.1,458.1,458.1,458.1,458.1,458.1,976.4,740.5,458.1,458.1,740.5,458.1,458.1,458.1,458.1,458.1,643.2,643.4,643.4,643.4,700.9,702.8,1165.8,525.5,625.5,954,545.1,612.7,963.3,946.6,910.3,849.5,628.3
"7",1906-03-23,550.2,345,272,478.4,478.4,478.4,478.4,478.4,272,272,272,272,272,272,272,272,272,272,272,272,272,272,272,615.6,372.9,372.9,372.9,372.9,372.9,372.9,365,370.6,370.6,522.6,398.4,391.2,398.4,400.1,780.7,1230,751.6,655.6,753.8,590.2,570.6,992.7,935.6,949.6,957.9,709.1
"8",1906-03-24,531.8,621.8,580.1,598.9,598.9,598.9,598.9,598.9,580.1,580.1,580.1,580.1,580.1,580.1,580.1,580.1,580.1,580.1,580.1,580.1,580.1,580.1,580.1,739.3,635.1,635.1,635.1,635.1,635.1,635.1,630.8,633.8,633.8,746.5,769.2,635.1,815.8,817.8,1486.2,1343.7,689.8,703.9,845,746,565.9,917.1,900.7,855.3,812,655
"9",1906-03-25,455.1,517.3,382.1,485.7,485.7,485.7,485.7,485.7,382.1,382.1,382.1,382.1,382.1,382.1,382.1,382.1,382.1,382.1,382.1,382.1,382.1,382.1,382.1,543.3,543.2,543.2,543.2,543.2,543.2,543.2,530.7,539.5,539.5,777.5,860.4,543.2,985.1,987.8,1000,848,659.3,628,940.1,910.3,718.9,1197.6,1130.3,1107,1042.9,802.9
"10",1906-03-26,327.3,323.3,241.9,319.6,319.6,319.6,319.6,319.6,241.9,241.9,241.9,241.9,241.9,241.9,241.9,241.9,241.9,241.9,241.9,241.9,241.9,241.9,241.9,312.3,312.2,312.2,312.2,312.2,312.2,312.2,306.7,310.6,310.6,467.8,565.6,312.2,680.3,682.2,682.5,556.3,392.7,355.3,631.4,501.9,396.4,788.1,762.8,742.2,697.8,477.1
"11",1906-03-27,273.5,280.2,215.1,282.4,282.4,282.4,282.4,282.4,215.1,215.1,215.1,215.1,215.1,215.1,215.1,215.1,215.1,215.1,215.1,215.1,215.1,215.1,215.1,244.6,244.5,244.5,244.5,244.5,244.5,244.5,242.2,243.9,243.9,476.5,477.5,244.5,541.5,542.7,571.1,807.8,374.6,439.4,522.3,463,446,711.9,701.5,681.1,596.5,499.5
"12",1906-03-28,487.1,429.4,446.8,449.8,449.8,449.8,449.8,449.8,446.8,446.8,446.8,446.8,446.8,446.8,446.8,446.8,446.8,446.8,446.8,446.8,446.8,446.8,446.8,576.5,517.4,446.8,446.8,517.4,446.8,446.8,446.8,446.8,446.8,668.6,747.1,747.1,783.3,784.6,821.7,1380,493.7,517.8,738.9,621.9,568.8,1039.1,997.3,987.5,795.1,1003.3
"13",1906-03-29,294.1,294.1,294.1,294.1,294.1,294.1,294.1,294.1,294.1,294.1,294.1,294.1,294.1,274,274,274,274,273.7,273.7,273.7,273.7,273.7,273.7,581.7,441.5,273.7,273.7,441.5,273.7,273.7,273.7,273.7,273.7,579.9,677.8,677.8,723.1,724.5,745,632.5,444.8,495.1,682.6,603.1,503.7,811.7,838.1,884.3,695.9,829.5
"14",1906-03-30,290.6,290.6,290.6,290.6,290.6,290.6,290.6,290.6,290.6,290.6,290.6,290.6,290.6,285.7,285.7,285.7,285.7,285.6,285.6,285.6,285.6,285.6,285.6,482.9,393.1,285.6,285.6,393.1,285.6,285.6,285.6,285.6,285.6,356.5,440.3,440.3,479,480.4,483.3,590.5,362.9,377.2,452.9,333.1,319.4,511.4,528.4,555.6,382.7,438.2
"15",1906-03-31,386,386.1,386,386,386,386,386,386,386,386,386,386,386,421.1,421.1,421.1,421.1,421.7,421.7,421.7,421.7,421.7,421.7,673,558.6,421.7,421.7,558.6,421.7,421.7,421.7,421.7,421.7,592.6,839.4,839.4,953.7,957.3,900.1,1135.5,507.1,429.6,878.1,592.2,488.1,859.9,828,867.4,616.7,749.8
"16",1906-04-01,330.2,330.2,330.2,330.2,330.2,330.2,330.2,330.2,330.2,330.2,330.2,330.2,330.2,327.6,327.6,327.6,327.6,327.6,327.6,327.6,327.6,327.6,327.6,909.6,644.7,327.6,327.6,644.7,327.6,327.6,327.6,327.6,327.6,785.8,1052.5,1052.5,1176.3,1179.6,1116,1541.7,636.6,610.1,1091.4,703.1,662.6,1080.1,1029.1,1041.3,895.1,997.8
"17",1906-04-02,315.5,315.5,315.5,315.5,315.5,315.5,315.5,315.5,315.5,315.5,315.5,315.5,315.5,315.5,315.5,315.5,315.5,315.5,315.5,315.5,315.5,315.5,315.5,418.1,418.1,418.1,418.1,418.1,418.1,418.1,418.1,418.1,418.1,660.6,681.4,681.4,690.1,692.1,774.2,1277.4,395.1,564.6,671.2,780.2,609.8,1015.2,1017.9,1152.4,904.7,1121.7
"18",1906-04-03,283.9,283.9,283.9,283.9,283.9,283.9,283.9,283.9,283.9,283.9,283.9,283.9,283.9,283.9,283.9,283.9,283.9,283.9,283.9,283.9,283.9,283.9,283.9,389.3,389.3,389.3,389.3,389.3,389.3,389.3,389.3,389.3,389.3,475.7,542.4,542.4,573.1,574.3,592.1,796.2,368.7,451,553.8,623.3,451,666.7,674.3,738.7,560.4,671.6
"19",1906-04-04,433.8,433.9,433.8,433.8,433.8,433.8,433.8,433.8,433.8,433.8,433.8,433.8,433.8,433.8,433.8,433.8,433.8,433.8,433.8,433.8,433.8,433.8,433.8,626,626,626,626,626,626,626,626,626,626,645,866.3,866.3,968.4,972.3,2017.4,1971.8,638.6,455.6,878.8,630.1,590.6,951.9,946.5,900.4,832,1066.1
"20",1906-04-05,286.3,286.4,286.3,286.3,286.3,286.3,286.3,286.3,286.3,286.3,286.3,286.3,286.3,286.3,286.3,286.3,286.3,286.3,484.4,378.6,378.6,378.6,378.6,484.4,484.4,484.4,484.4,484.4,484.4,484.4,484.4,484.4,484.4,595,709,709,761.9,763.4,1724.8,1792.8,386.9,491.1,705.8,687.7,556.7,1023.6,1023.8,1005.8,979.8,1182.2
"21",1906-04-06,354,354,354,354,354,354,354,354,354,354,354,354,354,354,354,354,354,354,519.6,431.1,431.1,431.1,431.1,555.5,519.6,519.6,534.3,519.6,534.3,534.3,534.3,534.3,534.3,595.8,782.1,782.1,731.2,1008.2,1306.3,1378.2,451.6,494.4,613.3,709.2,522.6,870.9,841.7,851.7,753,953.8
"22",1906-04-07,378.8,378.8,378.8,378.8,378.8,378.8,378.8,378.8,378.8,378.8,378.8,378.8,378.8,378.8,378.8,378.8,378.8,378.8,509.3,439.6,439.6,439.6,439.6,564.3,509.3,509.3,531.9,509.3,531.9,531.9,531.9,531.9,531.9,604.2,817.3,817.3,737.8,1097.1,1624,1746.4,520.3,564.2,618.7,757,534,1128.6,1065.7,1129.5,918.6,1049.4
"23",1906-04-08,349.9,349.9,349.9,349.9,349.9,349.9,349.9,349.9,349.9,349.9,349.9,349.9,349.9,349.9,349.9,349.9,349.9,349.9,402.7,374.5,374.5,374.5,374.5,431.1,402.7,402.7,414.3,402.7,414.3,414.3,414.3,414.3,414.3,726.2,755.3,755.3,655.5,882.4,1205.4,1282.4,460.9,596.1,562.5,683.4,574.3,988.4,968.6,1011.1,861.9,926.9
"24",1906-04-09,363.5,399.3,364,364,364,364,364,364,364,364,364,364,364,364,364,364,364,629.1,338,493.6,493.6,493.6,493.6,464.3,436.2,436,447.7,436.2,447.7,447.7,447.7,447.7,447.7,830,825,825,652,993.1,1292.4,1370.4,508.9,567,525.7,541.3,458.6,827.9,761.2,777.9,679.3,854.4
"25",1906-04-10,325.1,348.9,325.5,325.6,325.6,325.6,325.6,325.6,325.6,325.6,325.6,325.6,325.6,299,299,299,299,299.7,301.7,298.6,299.6,298.6,299.6,400.4,390.6,390.3,298.6,313.3,0,0,-1,0,0,470.8,506.3,313.2,412.8,739.3,863.6,947.9,316.8,332.7,325.3,393.2,269.3,560.9,498.2,563.1,388.5,455.5
"26",1906-04-11,219.4,239.8,219.4,219.5,219.5,219.5,219.5,219.5,188.2,219.5,200.9,200.9,200.9,188.2,188.2,188.2,188.2,208.6,216.7,208.1,210.3,208.1,210.3,303.1,291.5,291.4,208.1,263.2,0,0,-1,0,0,482.9,289.3,263.2,346.8,333.5,346.3,681.7,261.7,347.8,319.5,493.1,330,591,614.7,640.6,455.2,533.2
"27",1906-04-12,257.4,256.1,255.6,255.3,255.7,240.5,254.5,240.5,201.1,210.9,205.1,205.1,205.1,200.8,200.8,200.8,200.8,212.1,230.4,210.2,215.4,210.2,215.4,309.2,300.2,300.1,210.2,171,0,0,-1,0,0,592.3,245.9,170.9,296,244.4,289.6,659.7,418.4,659.1,466.8,614.1,601.9,814.4,852.4,833.3,715,728.3
"28",1906-04-13,463.8,480.9,442,441.8,442.2,393,437.9,393,443.4,401.7,426.4,426.4,426.4,457.5,457.5,457.5,457.5,545.2,570.7,548.6,552.8,548.6,552.8,618.6,573.2,573.2,573.2,573.2,573.2,573.2,573.2,573.2,573.2,1017.4,609.4,676.2,683.1,656.8,521.6,1043.1,528.1,629.8,742.8,858.6,621.8,1078.6,1023.3,918.9,853.6,938.2
"29",1906-04-14,351.1,394.9,341.6,342.3,341.5,292.3,335.9,292.3,414.9,424.1,418.7,418.7,418.7,388.2,396.1,415,396.1,377.1,412.7,442.3,418.7,444.5,418.7,498.2,417.5,492,492.2,492.2,492.2,492.2,488.5,491.1,491.1,828.1,571.4,458.7,682.8,638.9,771.3,771.5,525.5,610.2,682.7,759.1,583.1,1169.7,1074.7,1030.5,1000.5,1113.9
"30",1906-04-15,268.8,333.1,288.1,285.4,284.3,267,274,267,405,394.2,478.9,424.7,424.7,373.8,478.9,478.9,422.9,327.8,346,520.6,539,398.3,417.7,438.4,398.5,441.4,441.7,367.7,398.2,396.2,444.7,444.7,444.7,494,523.2,475,545.8,425.6,572.3,574.3,418,419.2,491.8,582.5,404.2,827.3,767.5,738.3,710.9,786.8
"31",1906-04-16,197.1,253.4,243.3,214.9,214.8,185.4,165,185.4,274.8,228.8,234.2,249.4,249.4,298.7,299,251.8,288.3,252,265,352.4,376.5,289.4,298.9,308.6,287.2,285,285.1,265.7,239.4,237.3,308.2,308.2,308.2,337.4,360.5,323.5,359.6,264.3,439.4,439.1,300.8,373.3,386.2,455.8,334.2,561.4,575.9,508.5,437.2,436.3
"32",1906-04-17,206.2,259.4,216.7,215.5,182.6,174.9,167,174.9,190,173.4,170.6,179.4,179.4,208.9,214.5,172,202.1,235.7,256.1,279.4,209.2,232.7,211.6,327.2,312.1,326.6,326.8,309,217.5,212.5,209.2,209.2,209.2,338.9,329.4,338.7,438.6,347.5,451.8,451.8,326.3,452.5,475.1,561.1,443.3,870.2,789,793.6,745,861.1
"33",1906-04-18,361.4,437.1,343.4,373.8,284.3,285.6,288.9,285.6,281.7,243.5,271.8,267.9,267.9,339.6,360.6,277.2,330.9,319.2,329.6,343.1,418,338.7,349.8,513.7,485.3,432.8,433,351.5,343.2,339.1,418,418,418,453.6,428.7,430.1,605.3,461,498.2,498.2,491,571,667.9,864.3,542.7,1115.5,1011.9,937,929,1074.3
"34",1906-04-19,248.2,301.2,280.3,279.3,273.9,281.6,279.8,281.6,278.8,230.2,246.1,255,255,261.8,266.9,230.5,256.1,285.2,225.8,222.9,147.4,243.5,264.3,335.3,298.4,262.1,262,182.8,143.3,137.8,147.4,147.4,147.4,284.8,268.3,270.4,420.1,349.2,339.3,339,282.7,347.5,417.5,509,326.9,609.9,570.4,560.3,481.1,543.7
"35",1906-04-20,427,411.7,391.5,404.6,394.3,393.7,380.6,393.7,407.5,403.7,359.2,391.6,391.6,367.5,383,346.5,366.7,346.6,352.6,365.5,311.4,360.5,375,477,396.4,408.2,411.6,315.1,192.7,182.7,311.4,311.4,311.4,409.2,379.7,378.5,499.9,351.2,375.2,374.6,613.2,649.6,567.8,653.3,561.3,815.7,788.8,713.6,590.7,681.9
"36",1906-04-21,498.4,468.2,508.8,486.2,514.9,446.5,431.9,446.5,532,490.3,491.8,507.9,507.9,570.3,582.1,485.6,554.4,530.5,552.3,597.2,502.4,558.5,576.1,520.1,535.4,573,577,563.2,536.1,419.2,502.4,502.4,502.4,597.9,593,605,692,744.5,716.4,716,559.9,570,664.5,834.4,566.7,980.8,955.1,840.8,785.3,881.2
"37",1906-04-22,454.2,472.7,431.3,459.8,533.4,445.2,426,445.2,553.8,492,543.4,533.2,533.2,598.1,625.2,553.1,594.8,474.8,409.3,614.6,455.2,557.4,611.2,575,565.9,535.9,527.6,479.7,507.5,386.4,455.2,455.2,455.2,624.6,532.9,526,716.4,572.5,643.8,642.9,471.1,452.9,672.2,787.4,507.9,930.1,947.7,775.5,678.8,715
"38",1906-04-23,459.2,515,398.3,439.4,360.9,446.6,425.8,446.6,368.1,329.9,281.5,330.7,330.7,311.5,318.3,246.3,298.7,279.3,194.6,242.6,250.6,262.8,314.9,497.5,360.8,321.9,240.5,193.3,214,231.5,307,307,307,458.2,341.7,330.4,465.9,319.7,412.5,412.9,517.4,539.4,534.8,633.8,445.5,840,823.2,770.5,725.3,805
"39",1906-04-24,369.6,408.2,421.3,373.4,459.8,360.2,344.9,360.2,484.7,461.6,480.9,477,477,479.7,496.5,521.2,493,419.5,394.8,454.6,436,452.2,487.7,472.8,377.2,397.7,368.2,347.9,403.4,304.6,418.4,409.7,418.4,449.1,403.7,401.7,471.5,339,570.4,570.1,398.5,421.7,496.3,638.8,365.4,836.9,808.9,681.6,658.3,779.3
"40",1906-04-25,433.1,366.5,323.5,395.1,354.6,450.2,471.6,450.2,346.2,346.1,281.2,326.1,326.1,262.8,259.9,242.5,257.6,279,202.8,244,189.6,241.2,261.4,382.8,265.1,222,194.8,136.1,230.8,181.2,202.8,217.2,132,396.3,265,261.4,364.4,196.1,486.8,592.9,442.9,433.5,411,600.8,347,603.7,637.2,459.3,328.5,420.2
"41",1906-04-26,256.6,324.8,225.5,253.9,244.9,245,202.8,219.3,224.3,224,222.5,223.7,223.7,217.8,224.8,213,151.4,238.6,203.2,224.9,171.7,170.9,151.4,314.9,254.6,207.7,252.5,219.9,251.2,224.2,217.3,223.7,115,324.3,268.9,267.7,354.6,277.7,440.5,539.3,315.7,284.1,335.2,386.5,250.4,544.9,498.4,429.4,407.1,471.4
"42",1906-04-27,247.7,303.8,181.8,239.1,236.2,237.2,142.5,133.5,175.5,146.8,150.7,159.8,159.8,189.1,197.6,153.6,222,195.5,180.3,279.5,213.9,217.7,222,380.1,293.2,243.2,267.8,249,299.6,345.4,291.3,270,178.2,447.5,367.7,366.9,436.9,329.4,516.2,664.9,353.5,386.8,445.4,526.7,310.1,724.8,715.9,579.1,330.3,583.2
"43",1906-04-28,379.1,426.6,361.5,364.4,365.5,365.7,281.1,296.4,357,321.6,392,357.8,357.8,426.7,438.5,438,434.6,359.9,367.2,392.9,313.4,424.6,434.6,482.9,401.3,378.7,340.2,348.1,391.2,334.4,344.9,289.6,236.2,522.2,454.9,428.9,547.1,412.3,721.7,883.1,519.2,511.3,594.5,718.8,489.3,1049.9,956.2,860.2,878.1,890
"44",1906-04-29,335.3,344.9,332.2,329.4,327.4,327.5,268.1,276.4,338.7,287.1,298.7,311.8,311.8,345,352.3,296.1,272.4,359.8,389.3,490.4,410.3,305.3,272.4,402.5,353.9,373.1,378.7,384.8,376.7,324.5,433.2,376.5,399,411.6,445.7,410.5,530.3,422.5,631.4,740.2,376.5,393.9,437.8,551.5,373.3,818,739.5,719.6,667.1,734
"45",1906-04-30,393,413.3,432.4,407.2,420.3,398,494.6,443.9,556.1,500.4,396.3,491.2,491.2,442.4,417.9,325,314.4,452.1,505.9,472.3,412.3,355.5,314.4,491,427.1,445.1,428.2,404.6,452.1,376,383.8,344,366.3,489.9,490.7,440.2,499.4,249.4,500.4,588.4,501.9,548.3,457.4,598.9,510.8,627.6,657.1,547.6,507.8,635.8
"46",1906-05-01,383.1,414.8,331.6,372.3,380.3,376.5,401.3,405.2,399.9,414.3,374.8,396.2,396.2,420.1,452.2,359.4,388.6,370,486.5,511.6,504.4,404.6,388.6,483.2,436.8,385.6,342.2,276.4,427.3,369,487.9,440.9,563.6,581,546.8,456.3,658.8,436.8,777.6,987.1,548.6,512.3,655,813.4,497.9,1109.2,988.5,933.8,881,1145.5
"47",1906-05-02,280.5,312.3,225.2,266.8,263,178,221.7,216.1,232.5,240.6,226.9,233.1,233.1,275.7,287.5,233.6,340.4,274.1,289.4,357.8,365,326.2,340.4,357.3,294.2,282.5,272.6,259.6,306.1,309.4,327.7,319.5,433.3,386.2,388.8,348.9,456.5,328.2,496.1,586,394.4,397.3,429.7,571.7,401.1,801.8,724.9,775.1,696.1,798.8
"48",1906-05-03,425,423.3,410,404.9,412.7,415.1,369.5,382.7,429.1,398.9,451.8,427.6,427.6,451.9,480,476.9,511.9,369.2,384,499,565.8,491.9,511.9,514.1,474.1,438.5,424.8,447.5,480.3,465.8,608.6,600.5,698.6,604.6,546.9,543.2,631.9,506.2,668.5,816.2,524.5,489.1,513.7,642.9,405.8,833.5,774.1,635.8,510,714.3
"49",1906-05-04,507.9,559.3,439.7,487.4,487.1,520.3,394.8,429.7,461.6,466.5,455.8,461.2,461.2,527.3,525.6,452.7,579.9,460.9,509.6,545,542.1,561.1,579.9,601.2,501,479.2,535.3,472.2,503.9,507.5,571.9,548,571,732.8,526.8,609.7,763.6,541.5,1021.6,1323.5,678.2,436,843.1,793.4,592.8,1247.4,1155.6,985.5,878.2,966.6
"50",1906-05-05,354,389.5,356.8,321,321.1,306.1,276.8,287.1,244.1,225.5,206.8,227.4,227.4,246,255,200.3,431,283.9,316.4,328.3,259.4,286.8,292.9,459.9,399.1,298.5,231.2,191.2,300.6,224.6,270.6,238.6,208.3,512.3,404.8,357.3,585.2,393.2,680.2,849,507.5,588.1,689.3,695.4,602.4,1142.5,1024.9,1001.8,927.3,1071.5
"51",1906-05-06,314.4,340.5,272.6,283.1,277.5,93.6,235.1,196.3,185.4,174.2,120.5,118.2,151.9,153.5,126.4,106.5,288.8,191.2,171.2,210.3,193,232.7,141.7,386.6,292.9,211.4,166.7,112.4,223.7,181.3,181,180.4,193.8,423.6,271,264,429.9,287.1,539.6,634.8,453.5,482.5,508.3,554.6,407.8,785.8,718.6,659.3,690.7,733.2
"52",1906-05-07,381.9,409.1,386.8,342.2,345.4,415.8,385.8,389.8,361.4,337.1,251.1,247.9,303.5,303,257.3,214.2,241.2,372.2,419.4,352.6,226.4,235.7,229.3,439.4,395.8,401.6,397,385.9,366.1,320,235.9,228.2,134.6,484.7,512.1,393.7,577.9,322,763.5,853,394.8,456.1,534.2,616.3,370.5,978.4,839.1,751.2,790.6,914.6
"53",1906-05-08,284.2,293.3,283,246.6,251.9,208.4,295.1,261.2,373.1,337,205.5,189.9,282.8,351.8,220.6,262.9,200.3,342.2,389.6,371.4,309,207.1,191.7,378.8,320.1,338.2,308.8,300.8,344.2,275.3,304.5,304.1,288.9,378.8,346.9,299.8,417.7,308.8,606.1,696.4,414,412.8,425,470,385.2,710.4,652.7,628.9,589.5,734.4
"54",1906-05-09,217.3,254.6,202.9,208.5,217.7,304.5,191,258.4,338.1,330.6,215.1,203.4,275.8,297.8,222.1,216.1,275.5,210.1,254.2,295.3,203.8,197.4,209.4,297.3,302.9,252.1,268.5,292.5,272.3,244.4,239.7,221.8,168,386.8,343.1,306.6,395.2,229.3,585.7,664.7,295.3,408.8,430.1,476.8,357.3,790.9,644.3,642.1,590.8,691.2
"55",1906-05-10,324,378,323.4,318.1,320.6,289.5,216.2,357.4,312.9,255.8,380.8,402.8,337.7,324.1,382.7,257.9,590.3,311.5,344.6,363.6,289.8,364.6,378.7,308.7,232.5,301.5,286.1,269.4,247,188.6,291.8,283.1,263,271.8,229.5,226.2,303.3,190.4,420.4,531,418.3,462,385.5,496.9,374.1,777.4,686.1,625.9,561.8,657.8
"56",1906-05-11,180.5,238.1,229.7,212.2,225.8,307.7,293.2,409.6,293.4,286.1,222.9,211.5,256,278.1,227.2,259.8,271.4,223.1,258.4,294.7,270.6,321.5,267.9,230,224.4,240.6,244.1,244.6,216.5,200.3,304.7,290.3,273.3,261.7,283,236,318.1,132.6,453.3,512.4,298.6,357,375.8,542.9,418.7,721.5,694.3,624.8,664.7,706.8
"57",1906-05-12,286.6,373.9,324.1,294.1,340,395.5,305.9,511.8,293.7,296.2,242,242,269.9,297.7,252.7,220.1,173.6,329,357.9,371,342.3,276.2,224.7,431.8,398.3,284.1,248.1,208,279.5,185.6,287.6,259.1,192.6,530.8,409.3,280.3,431.8,203,542.9,664.6,576.1,596.5,564.1,746.9,629.5,964.4,920.3,885.6,714.9,861.9
"58",1906-05-13,437.7,562.5,455.1,460,595.7,608.5,481.7,666.2,540.5,533.5,624.2,506.1,550.6,531,513.5,471.5,526.5,438.3,528,561,738.3,543.7,476.5,629.9,571,480.9,464.2,402.2,515.9,445.1,632.5,644.1,502,670.2,630.2,495,711.1,497.2,809.8,951,632.3,627.6,676.6,749.3,663.7,1040.1,943.6,896.7,805.4,955.3
"59",1906-05-14,230,316.8,243.4,243.5,419.4,361.2,249.4,253,379.4,382.1,502.3,507.7,439.1,453.3,496.9,438.2,519.6,284.7,360,468.3,697.4,522.5,495.9,377.6,368,312.8,325.9,367.2,342.3,350.1,461.7,457.8,470.1,443.3,431.5,407.4,508.7,260.9,566.6,655.3,341.6,483.3,482.3,577.2,452.8,704.3,686.8,582.7,523.9,665.6
"60",1906-05-15,398.5,601,466.5,441.6,674.1,732.4,461.4,553.1,610.6,578.2,702.5,645,633.4,632.4,643.4,595.3,650.7,527.6,532.6,575.4,802.2,659.2,631.3,719.2,698,617.2,574.6,590.4,667.6,583.8,625.1,683.1,730,784.4,718.7,632.8,793.2,575.1,810.3,944.7,634.6,592.4,700.6,747.8,643.8,951.4,897.2,800.8,648,780.1
"61",1906-05-16,304,390.3,315.4,314.6,347.7,301.2,289.4,513.6,355.2,328.9,378.6,573.1,406.3,398.7,538.7,331.2,518.1,295.4,300.4,362.2,672.1,407.9,488.3,452.1,415,318.1,314.8,311.8,426.9,433.4,401.4,444.7,513.8,542.1,467.3,401.3,606.8,460.9,549.3,669,451.8,465.9,574.6,582.8,499.2,879.9,783.7,760.3,676.6,798.7
"62",1906-05-17,411,411.2,411.3,378.4,340.5,266.3,407.9,462.4,367.5,380.3,357,417,379.4,398.1,412.8,274.4,549.7,384.1,347.3,341.1,347.7,317.6,440.4,523.8,462.9,396.8,362.8,392.5,406.5,330.5,308.6,317,262.6,583.6,531.2,406.3,658.5,418.7,623.9,778.3,540.7,642.3,737.7,820.6,694.3,1058.2,1026.8,994.6,928.4,1063.4
"63",1906-05-18,265.1,400.8,310,248.1,258.1,195.6,239,335.3,285.8,264,277.5,322.4,287.8,359.8,333.3,315,358.9,322.4,285,361.8,332.1,417.5,391.8,429.2,380.3,347.2,316.2,303.5,371.3,328.9,373.8,338.9,267,336,408.4,312.8,514.7,364.9,671.8,745.3,409.8,513.8,486.5,596.8,523.2,800.2,746.7,795.2,686.3,790
"64",1906-05-19,182,311,228.6,191.3,328.2,350.8,214.4,419.5,295.1,274.4,368.4,542.8,366.2,391.4,512.3,440.8,528.3,288.6,395.2,475.5,553.4,443.3,448.8,373,348.1,327.7,388.6,401.3,460.5,488.2,494.1,516.6,447.2,483.5,446.9,459.6,549.8,631.8,908.1,1013.5,334.8,397.3,539.9,640,462.6,996.6,894.2,826.2,846.4,1026.6
"65",1906-05-20,210.8,399.7,218.5,217.1,438.2,442.4,259,485.8,390.1,379.3,517,523.8,449.1,578.2,536.8,583,557.2,417.1,467.4,605.7,688.4,608.9,548.8,548.5,545.7,476.1,480.2,492.7,585.6,569.4,701.8,734.1,514.9,691.9,626.8,552.8,815.6,677.8,926.4,1055.7,436.4,531.1,769.7,750.9,616.2,1049.7,986.7,846.1,807.2,858
"66",1906-05-21,181.3,256.5,192.6,167.4,222.7,237.6,167.9,290.7,226.2,204.6,231.9,557.4,300.8,282.4,335.6,305.9,343.1,243.1,278.6,325.9,805.2,379,382.8,365.7,307.6,254.3,248.9,225.6,340.6,304.6,422.7,454.5,358.7,399,316.9,282.5,475.4,319.9,691.4,816.2,342.2,504.3,470.4,473.6,424.5,825.3,713.9,666.4,559.3,695.2
"67",1906-05-22,211.4,209.5,148.7,177.5,259.2,253.5,179.8,366.6,170.2,156.8,384.8,306.2,249.8,249.4,340.5,256.8,269.4,154.5,172.8,258.3,499.4,337.7,263.8,292.7,238.6,186.6,198.5,189,245.7,274,284.2,260.3,350.8,382,293.3,315.7,477,277.1,657.3,841.4,442.4,514.8,621.1,795.2,595.2,1040.6,985.1,814.9,713.2,758.4
"68",1906-05-23,207.6,242.8,221.2,186.9,288.4,332,215.3,334.1,198.6,201.2,274.9,354.9,253.9,245.6,332.5,248.2,300,212.3,224.2,265.2,262.7,297.1,267.2,345.7,348.9,311.2,273.5,280.1,302.8,302.7,244,227.8,221.1,474.8,412.1,362.2,515.7,411.3,733.8,840.6,415.2,560.4,557,648.9,510.8,917.6,865.3,847.8,853.5,976.6
"69",1906-05-24,187.8,278.2,202,189.5,353.1,392.3,257,370.1,271.8,262.4,374.7,376.1,318.5,281.2,325.6,347.9,325.8,252,300.9,351.7,815.2,372.9,446.3,373,307.8,316.4,310.1,280.9,416.5,416.1,460.3,524.8,420.2,487,386.3,363.2,543.7,401.5,700.3,829.6,387.4,427.1,555.8,564.5,441.1,862.1,750.3,609,608.3,709.5
"70",1906-05-25,181.7,294.1,187.7,175.1,391.3,435.8,230.4,420.5,248.6,234.9,444.9,296.9,303.2,252.3,328.8,269.2,305.3,218.2,266.3,293.3,392.7,388.2,326.2,396.7,301.5,259.2,261.8,198.3,331.4,259.6,350.6,361.5,346.8,511.3,417.9,301.5,485.7,265.4,508.1,630.2,382,477.2,447.6,488,422.2,794.7,724.1,636,560.5,648.1
"71",1906-05-26,329.9,362.7,315.7,266.9,326.7,316.8,271.5,270.7,251.9,234.7,406,610.4,368.8,316.7,352.1,310.7,495.8,295.9,383.1,379.9,503.5,522.3,469.8,441.3,402.3,354.8,446.8,422.8,503.3,497.5,462.9,474.7,573.8,462.9,404.7,431.5,527,465.9,420.1,605.1,454.4,385.7,512.6,638,510.1,893.9,845.9,779.4,647.1,791
"72",1906-05-27,518.9,537.2,383.4,398.8,413.6,418,445.9,468.2,401.9,367.2,511.3,1054.5,573.6,387.7,578.1,374.3,649.7,380.7,392.1,381,433.4,489.5,501.8,614.4,566.5,507.5,484.6,387.3,527.7,356.1,432.8,433.7,350.9,625.3,618.5,463.5,663.8,495,786.6,918.3,613.2,613.6,664.8,732.9,675.5,962.4,877.1,888.2,753.9,898.2
"73",1906-05-28,561.1,547.8,517.2,509.7,416.2,380.1,584.3,557.9,585.8,543.9,344.1,621.5,528.2,579.8,516,414.4,530.4,524.5,592.3,579.8,668.3,592.6,640,684.4,638.2,603.7,572.8,486.4,623.9,511.6,624.7,635.7,485.6,714.5,685.9,582.9,788.7,632,967.4,1194.8,669.1,685.8,863.6,880.3,715,1303,1187.3,1138,983.1,1095.5
"74",1906-05-29,378.1,454.5,360.3,339.7,367,311.9,331.8,313.6,323.1,278.4,436.1,590.2,402.9,344.3,401.9,339.8,360.9,336.9,289,333.9,344.8,446.6,423.6,606.3,489.5,476.5,404.2,305,445.1,292.3,442.5,493,423.1,636.6,584.7,397.6,641.9,409,890,1093.8,587.7,853.9,772,827.6,802.9,1228.1,1137.5,1007.6,994.5,1052.6
"75",1906-05-30,455.2,552,605.4,480.7,475.8,370.6,511.6,529.1,493.4,455.5,440.6,578.5,492.8,490.1,333.6,401.7,338.2,565.3,561.9,518.2,535.4,435.3,374.3,592.9,596.5,651.4,665.4,623.7,614.7,486.2,503.6,494.1,449.3,751.9,711,613.3,741.4,527.1,829,953.9,590.8,747,748.2,807.1,741.5,1073.8,1042.6,928.3,863.8,933.3
"76",1906-05-31,277.4,281.8,193.8,236.1,277.9,191.8,272.9,291.7,210.2,246.4,250,657.9,332.7,231.7,265.7,229.2,380.5,213.3,240.8,242.5,264.1,302.7,333.9,411.4,329.6,335.5,327.6,217.9,367,337.5,330.4,316.5,392.4,500.1,452.6,326.6,598.8,415.8,1044.4,1196.7,449.7,457,648.4,638.8,548.5,1055.1,972.2,798.9,767.9,979.4
"77",1906-06-01,262,286.7,160.2,195.1,241.7,237.7,253,252.4,215.9,251,271.1,415.8,283.5,242.9,280,224.9,364,225.7,285.3,278.6,285.3,341.1,300.8,415,383.2,422,371.8,415.7,425,369.9,360.6,342.9,243.1,534.8,511.4,487.7,601.3,462.8,814.6,948,504.7,557.1,608.2,678.1,625.5,906.1,850.7,730.1,754.2,821.3
"78",1906-06-02,500.9,532.4,554.9,489,526,459.9,549,569,471.3,454,651.3,746.4,574.7,456.2,623.6,451.1,478.7,510,453.5,472.3,482.6,510.3,497.3,581,550.6,532.6,476.3,448.2,477.2,358.8,438.5,423.9,494.5,661.6,654.6,549.2,606.6,374.7,812,925.1,681.6,719.8,682.3,677.6,741.5,923.7,890.7,748.2,730.8,757
"79",1906-06-03,460.8,552.9,491.2,460.5,530.7,588.4,502.4,406.1,463,456.4,520.1,385.5,456.8,424.5,554.9,423.3,427.7,498,469.2,436,453.2,423.6,404.5,635.9,611.8,571.6,556.3,436.7,524.5,368.8,404.7,398.1,441.8,689.7,618,490.6,633.1,434.6,939.1,1113.8,614.5,669.9,746.6,752.2,751,1111.4,1028.8,915.7,840.8,913
"80",1906-06-04,400.4,469.7,330.9,402.4,312,281.3,441.6,296.2,327.3,315.2,328.7,379,337.2,340.7,419.5,302.4,517,331.8,319.1,348.8,356.1,408,397,572.8,479.5,490.7,431.1,388.8,483.2,375.9,421.6,418.8,383.5,653.9,634.4,502.9,672.6,441.4,936.2,1070.2,624.4,685.9,687.5,697.8,705.2,1118,1000.1,852.2,886.3,951.9
"81",1906-06-05,135.6,184.4,76,110.8,78.8,79.2,116,93.1,96.4,94,148.4,290.2,153.7,146.1,229.4,114.1,331.4,157.6,150.2,143.9,162.7,306.6,276.3,240.8,226.5,196.4,204.5,144.1,226.6,159,173.3,173.6,265.8,295.2,292,253.3,335.7,185.7,346.5,476.8,319.8,400,320.8,395.6,373.8,532.8,550.6,459.5,382.5,491.6
"82",1906-06-06,287.9,317.9,306.9,301,300.5,265.3,280.6,365,348.7,264.5,295.2,402.6,330.6,385,256.3,299.9,246.2,417.6,433.2,358.8,386.6,381.6,267,389.4,329.5,376,365.4,379.1,396,339.7,368.7,387.4,405.1,407.1,412.2,435.9,428.7,358.3,429,714,416.3,484.9,440.9,615.9,473,741,821,625.4,629,651.4
"83",1906-06-07,365.9,361.6,388.9,432.8,464.2,447.3,415.4,436.7,464.4,426.6,545.9,668.5,523.4,440.6,578.5,434.4,605.5,389.8,396.1,372.5,405.9,547.8,559.3,508.6,421.8,456.2,430.1,425.8,476.6,449.2,522.9,558.9,662.6,611.7,583.1,518.7,569.6,428.6,634.4,1034.4,619.9,649.3,648.7,889.7,724.1,996.3,934.9,778.9,752.1,843
"84",1906-06-08,441.8,480.9,484.9,430.3,479.8,485.1,465.7,399.8,558.8,558.9,516.2,658.1,572.1,532.2,509,520.8,396.2,596.4,649.2,591.9,551.5,571.7,419.4,605.2,545.9,586.2,579,565.4,582.5,434.4,460.6,428.2,312.9,678.9,572.4,709.4,691.2,498,724.7,996.4,593.3,576.3,670.2,904.5,683.5,1031.8,1024.2,776.6,823,979.2
"85",1906-06-09,251.2,267.5,182.9,201.9,188.2,144.6,210.4,218.3,217.7,237.2,198.7,252.5,225.6,197.2,184.7,190.4,164.6,253.9,255.2,231.2,231.8,273.5,203.9,304.9,268.7,274.4,289.5,225.9,294,212.1,261,233.4,207,334.6,330.9,392.4,362.4,214.3,567.9,625.8,310.8,317,343.8,476,372.2,598.5,578.8,483,460.4,490.1
"86",1906-06-10,280.9,265.5,185.7,251.9,223.1,288.1,349.6,289.3,231.3,305.7,161.3,367.1,262.8,166.8,153.3,136.9,248.1,208.9,227.5,210.9,202.9,165.5,170.6,278.1,211.8,223.3,233.6,193.3,264.8,211.9,213.9,204.5,186.3,331.6,269.8,322.7,352.1,243.7,457.2,502.1,370,338.3,293.4,398.9,337.1,422.9,459.7,357.1,309.6,383.9
"87",1906-06-11,490.4,549,423.8,494.1,382.6,362,432.8,296.8,429.2,450.1,366.9,363.7,403.6,374.2,350.7,375.7,434.5,380.1,298.8,339.9,349.1,444.2,408.7,547.8,476.8,446.5,387.9,389.3,467.3,413.3,401.7,404.9,507.4,519.9,500.6,506.6,583.5,350.9,563.3,681.2,621.9,513.8,517.7,668.2,519.9,710,714.3,554.1,565.1,669.5
"88",1906-06-12,226,247.3,176.5,200.8,177.4,161.3,198.7,251.3,153.8,175.2,182.4,293.2,197.9,149.9,151.3,123.2,176.6,166.3,145,158.3,188.1,235.5,181.4,269.3,246,228.1,221.3,224,262.5,236.1,219,227.3,208.5,252.9,245,245.5,280.4,111.7,440.8,487.9,268.7,243.4,251.6,406.8,297.3,472.2,489.8,353.6,296.5,366.3
"89",1906-06-13,373.4,405.1,371.5,401.5,481.6,478.9,407.8,446.2,516.9,481.5,383.3,395.4,449.2,543.3,429.5,572.1,318,408.6,457.7,453.4,451.7,421,284.9,425.7,383.7,455.4,447.6,434.2,422,332.4,366.1,320.1,253.7,416.6,364.4,415.8,371.6,326.9,425.7,623.4,468.6,445.6,543.8,889.6,597.7,981,1063.4,779.3,754.9,819.6
"90",1906-06-14,455.9,534.6,391.5,418.7,395.9,433.5,370.6,376.9,437.3,415,390.5,400.6,412.9,401.7,399.9,399.2,313.8,408.4,417,399.6,415,344.7,338.3,664.9,576.9,550.4,529.6,429.4,477,331.1,291.5,264.2,328.2,672.7,583.5,535.6,628.8,456.9,616.9,1020.2,618.8,670.5,711,1040.9,806.5,1280,1224.5,1058.5,1049.1,1241
"91",1906-06-15,393.7,507.6,304.6,278.2,315.6,186,205.8,204.3,218.6,191.4,7102.3,489.2,1897.7,272.6,334,252.5,391.6,414.9,371.4,325.4,354.4,399.1,361.9,673.1,613.8,572.7,536.6,590.4,590,563.1,336.9,336.4,370,608.2,580.7,617.4,638.1,445.3,568.9,934.3,574.9,568.5,610,976.4,709.2,1019.6,978.1,602.3,796.2,914.8
"92",1906-06-16,257.7,320.5,208.5,217.1,325.2,317.2,205.9,359.9,248,252.4,398.2,304.1,297.5,223.7,348.9,299.9,303.5,249.9,185.6,216.3,236.4,334.4,285.7,462.7,366.5,281.5,295.1,256.5,309.5,241.8,240.4,260.7,384.4,504.6,372,335.7,436.6,273.8,514,787,488.6,504.9,558.9,827.5,660.9,839,819.8,519.1,664.8,760.5
"93",1906-06-17,460.8,536.5,454.9,397.4,477.3,342.4,358.5,472.2,431.8,362.3,456.2,445.5,425.8,422.6,470.3,407.4,442.5,471,447.8,433.8,457.2,509.8,399.3,664.8,590.2,518.3,548,526,555.7,440.4,434.6,425.7,470,752.6,736.5,584.3,777.3,587.7,841.1,1131.3,618.9,605.9,674,986.2,713.4,1083.5,960.8,595.5,796.8,953.3
"94",1906-06-18,434.3,389.5,293.7,286.7,253.9,241.4,289.8,280.2,281.8,273.8,236.8,265.7,265.7,250.5,226.8,233.8,230.4,289,234.3,271.6,344.1,271.4,182.2,534.1,392.5,328.7,338,242,387.1,273.4,352.5,332.2,197.6,508.8,484.5,348.4,451.5,337.3,506.5,808.5,600.1,729,658.4,949.9,780.4,1004.9,1208.1,802.1,877.4,894.3
"95",1906-06-19,298.5,319.3,272.1,209.7,187.1,140.3,158.9,148,252.3,189.3,336,548.2,328,344.2,333.7,335.1,440.3,299.8,317.9,349.3,459.7,502.7,327.7,454.3,368.9,312.8,339,359.7,398.7,472.5,495.2,483.7,527.4,594.3,489.2,438.9,618.2,493.1,623.2,902.8,465.6,708.6,879.1,869.8,700.5,900.2,803.7,544.5,705.5,813.2
"96",1906-06-20,516.7,499.5,478.8,411.8,393.5,251.2,362.8,488.2,486.7,398.7,423.9,628,486.2,556.7,460.7,453.9,474.1,498.3,473.3,467.3,635.8,551.4,476.8,531.8,420.6,424.4,445.4,394.3,429.3,289,425,398.1,631,592.7,529.6,416.6,599.3,525.6,702.2,984.1,608.1,759.5,877,1003.9,726.6,1114.8,1189,676.8,850.9,1044.7
"97",1906-06-21,428,450.7,387.8,436,311.9,277.9,418.8,409.2,381.7,376.7,330.8,357.7,363,418,398.5,344.2,331.3,368.8,385.7,391.7,386.8,455.7,408,537.8,429.3,388.8,496.3,349.7,410,297.5,424.3,375.7,354.3,523.6,475.8,431.9,479.9,314.6,525.7,887.3,553.9,710.1,621.7,791.1,525,1094.6,1149.8,761.7,884.3,960.4
"98",1906-06-22,483.9,426.7,447.5,454.6,367.6,414.6,447,445.3,453.7,416.3,426,565.9,465.5,550.6,575,450,499.5,465.2,572.9,538,700.5,654.1,624.7,568.2,475.5,475.8,589.9,563.8,549.5,569.1,567.9,569.7,685,587.9,542,585.4,597,573.2,781.5,1019.5,579.5,808.7,647.6,690.3,539.1,989.9,992.1,698.8,790.4,883
"99",1906-06-23,190.5,229.7,191.5,188.1,644.2,524.8,358.8,387.3,447.8,467.1,814.1,1032.7,675.8,377.3,591.4,484.3,548,247.3,240.1,242.8,677.6,493.7,557.6,284.4,209.6,203.7,233.5,166.1,236.5,220.9,348,329.1,773.7,257.9,289.4,242.6,293.8,186.2,321.1,404.6,280.1,446.8,363.1,466,409.4,647.6,737.8,489,559.7,549.7
"100",1906-06-24,244.9,253.1,243.2,265.3,430.7,377,349,399.8,442.4,428.7,447.2,573.7,471.5,510.2,526,478.7,548.6,301.1,275.4,345.9,570,597.6,514.7,270.5,205.1,226.7,256.1,236,267.2,213.1,496.8,491.3,682.2,275,276,265.9,279.7,180.2,288.4,375.8,293.9,460.4,361.9,437.1,317.9,524,636.9,152.2,390.4,370.9
"101",1906-06-25,181.9,187.4,163.7,198.9,254.5,260.1,208.7,211.7,252.1,242.5,208.9,163.3,219,257.2,257.4,232.3,200.2,196.2,126.7,210.1,292.7,237.7,276.5,201.2,141,136.1,127.8,111.5,159.8,141.5,234.3,204.3,267.4,194.9,203.6,183,212.8,148.6,225.7,291.7,286.8,385.2,321.8,436.7,391.9,469.8,585.3,149.3,425.1,435.1
"102",1906-06-26,97.8,119.1,50.1,77.6,65.1,84.3,74.9,78.7,150.9,160.1,165.1,166.7,159.9,149.2,175.9,155.2,152.4,112.2,93.3,127.6,139.4,204.6,162.1,168.8,102.9,104.3,103.9,101.7,128.9,81.5,121.5,90.9,49.6,159.5,149.3,169.2,178.1,147.9,266.5,371.5,212.8,384.7,314.5,397.9,294,585.9,618.6,370.8,492.8,488.3
"103",1906-06-27,613.6,596.9,749.7,662.7,680.5,613,720.9,714.4,646.9,581.6,610.6,537.1,598.4,576.6,556.7,574.2,578.4,787.9,716,696.2,660.3,642.1,557.2,671,648.7,842.3,769.5,782.6,466.7,425.3,529.4,456.9,469.4,737.5,833.3,738.2,817.4,615.7,669,738.3,649.9,829.8,697.2,826.1,611,1100.6,1071.1,639,944.1,955.1
"104",1906-06-28,374.6,384.9,257.9,345.7,476.5,370,441.5,489.8,318.7,333.3,388.3,485.6,377.5,327.5,394,346.2,564.6,267.1,243.8,319,392.5,386.8,416.7,456.2,335.9,326.5,320.4,240.7,332.2,227.9,402.7,346,429.7,548,439.9,331.5,519.8,186.6,358.4,685.4,607.6,838.9,666,809.4,563.7,902.1,915.3,402.1,598.2,580.7
"105",1906-06-29,322.5,377.9,278,305.3,201.3,203.1,309.1,305.2,267.9,296.8,314.8,315.9,296.5,251.7,267.9,239.9,286.7,264.1,247.4,266.8,313.7,227,215.1,454.1,348.5,328.7,331,248.6,356.2,258.5,272.9,258.3,212.8,599.2,454.5,350.4,611.8,326.3,659.4,864.6,541.5,758.4,702.7,740.9,511.6,1212.1,1115.6,508.4,825.7,851.9
"106",1906-06-30,210.5,284.2,140.4,167.9,472,398.4,221.8,250.1,268.1,287.9,349,462.2,337.1,227.1,345.1,260.1,624.6,199.9,164.5,237.2,410.9,346.4,490.1,340.3,252.2,263.7,221.9,152.5,259.3,178.7,290.6,283.2,454.9,385.1,375.1,281.9,352.7,216.8,377.1,434.2,339.5,517.3,457.4,512.2,405.5,613.8,664.3,353.9,444.6,448.7
"107",1906-07-01,317.5,372.7,287.2,284.4,359.2,370.4,323.8,377.6,319.5,297.1,438.4,440.6,371.1,315.2,379.7,313,396.1,286.9,297.9,338.9,363.4,361.7,367.9,376.6,296.2,347.7,350,311.3,307.4,258.1,335.4,313.8,352.3,374.6,347.3,345.2,350,211.5,328.3,390.3,378.7,440.2,386.7,402.4,283.3,570,551.5,312,380.4,387.8
"108",1906-07-02,171,209.5,149,135.7,129.1,162.6,144.8,161.9,152.1,133.7,178.6,179,160.7,190,228.6,163.7,115,203.6,173.7,232.1,164.2,320.3,201,224,167.9,186.4,157.7,162.3,214.1,173.8,276.9,267.7,110.6,197.4,197.8,222.2,175.5,84.9,215.6,339.2,259.6,329.2,257.9,353.6,211.9,495.7,513.9,443.8,281.5,277.6
"109",1906-07-03,226.2,265.7,238.6,219.3,96.6,131.7,179,188.7,216.7,170.5,171.4,133.9,176.6,272.2,286,228,117.2,248.2,222,263.7,215.3,310.1,184.8,342.2,328.4,295.9,246.4,226.5,267.1,212.2,283.1,284.5,198.5,384.9,328.8,302.6,299.7,188.7,275,514.6,405.9,536,398.8,513.2,363.6,725.7,688.9,463.3,558.5,537.2
"110",1906-07-04,440.1,509.4,406.3,389.2,428,413.7,373.9,405,335.5,272.2,567.2,571.6,432,375,381.6,329,410.5,419.3,337.2,357.6,362.2,432.5,386.2,527.4,528,492.2,394.1,383.8,356.2,284.2,312.6,313.1,338.6,547.4,547.2,473.8,582.4,427.9,604.2,797.6,615.5,789,707.2,771.6,510.3,1111,1010.9,751.3,855.1,840.9
"111",1906-07-05,204,254,145.2,157.1,476.1,407.5,160,232.1,124.9,129.7,272.4,514.7,252.4,158.3,231.8,189.9,322.4,166.1,98.8,135.5,132.8,233.5,265.4,348.3,246.8,215.1,165,110.4,196.4,135.8,181,174.5,175.7,272.3,261.2,225.9,288.1,140.2,284,460,453,557.7,499.4,589.8,436.8,717,690.5,432.6,512.2,477.7
"112",1906-07-06,219.7,283.7,133.7,156.3,154.3,175.9,165.6,192.5,147.1,151.5,459.1,464.1,296.1,145,212.5,182.3,435.2,216.7,142.4,145.8,144.6,170,274.9,397.6,254,272.3,217,158.8,213.9,145,154.2,154.1,111.6,308,252.3,235.8,288.8,107.1,268.5,400.5,499.7,701.7,518.8,635.3,488.5,679.7,771.8,450.3,505.5,474.1
"113",1906-07-07,281.2,398.2,234.7,277.7,186.1,226.7,264.3,292.8,252.8,213.7,381.1,382.9,305.2,313.7,354.1,308.2,304.9,310,270.7,304.8,299.4,281.4,323.9,622.1,440.2,386.7,370.7,289.9,340.4,295,313.3,341.1,418,650.2,562.8,375,607.3,375,544.3,805.3,751.7,1249.4,910.4,978.5,762.5,1217,1278,487.6,948.9,919.6
"114",1906-07-08,309.2,358.9,289.8,295.4,315.6,290.5,310,304.4,320.3,338.7,515.1,517.2,416.4,422.6,478,430.4,368.3,327.1,294.9,341.5,316.9,335.2,402,465.9,418.7,393.2,368.8,362.5,340.7,283.3,299,288.5,347.3,453.2,448.7,415.1,511.8,331.7,518.2,563.8,464.7,502.2,558.9,615.8,417.7,796.2,857.8,517.8,688.2,685.9
"115",1906-07-09,227.5,248.1,197.7,217.1,291.5,296.2,250.4,266.4,303.5,312,330.4,402.3,334.9,378.1,436.2,429,412,196.1,197.9,284.9,243.6,400.3,384.4,296.5,236.7,180.3,190.3,189.2,255.4,258.5,273.5,259.4,323.8,324.3,273,264.6,314.2,211.7,310.6,438.8,407.3,583.8,397.6,478.7,384.2,614.2,650.1,525.6,613.3,600.9
"116",1906-07-10,471.2,589.8,486,444.5,600.8,688.1,399.3,430.8,408.6,391.6,735.5,740.6,560,478.3,509.7,471.3,781.3,469,467,486.1,482.6,590.6,640.1,555.7,481.6,471.7,472.6,508.5,514.2,480.3,518.8,509.7,748.4,576.3,534.6,535.8,598.7,605.9,582.1,718.5,646.3,826.6,672.6,693.3,499.2,1028.4,989.1,540.5,837.7,823.3
"117",1906-07-11,302.9,377.9,347.8,281.5,456.8,504.9,265.1,281.8,332.7,327.2,406.8,354,354,434.1,444.9,449.1,466.8,295.9,209.2,389.7,479.4,529.7,385,370.9,292.2,256,268.5,225.6,344.1,290.4,469.2,444.4,609.9,318.5,264.9,315.1,278.4,176.8,263.1,352.9,476.5,555.2,395.4,410.9,383,505.4,533.2,347.5,348,334.1
"118",1906-07-12,260.1,359.6,313.1,281.3,317.7,301.5,233.1,242.2,232.4,198,1078.2,1092.3,626.4,332.3,382.6,344.9,1551.8,297.8,357.3,373.1,361.4,541.4,643.6,494.8,406.2,350.9,376.3,271.2,301.8,215.6,366.4,364.2,699.3,606.6,390.4,449.6,520.8,237.9,403.4,847.2,602.2,1133.7,756.8,916.5,1926.9,1057,1061.9,511.8,915.8,729.6
